canonical_smiles,uniprot_id,hgnc_symbol,activity_type,activity_relation,activity_value,activity_unit,cmp_concentration,cmp_concentration_unit,pwkrr_two_stage_pred_pAct,pwkrr_two_stage_uncertainty,missed_by_single_stage,nearest_train_tc
CCN(CC)CCOc1ccc(Nc2ncc3cc(-c4c(Cl)cccc4Cl)c(=O)n(C)c3n2)cc1,P07333,CSF1R,inhibition,=,100,%,1000,nM,7.49623,0.36408,no,1
Cc1ccc(C(=O)Nc2cccc(C(F)(F)F)c2)cc1-c1ccc2nc(NCCN3CCOCC3)ncc2c1,P07333,CSF1R,inhibition,=,99.55,%,1000,nM,8.67917,0.33533,no,1
O=C(Nc1cccc(Nc2cc(Nc3cccc(C(F)(F)F)c3)ncn2)c1)C1CC1,Q9BUB5,MKNK1,inhibition,=,0,%,1000,nM,6.59895,0.59738,no,1
O=C(O)c1ccccc1Nc1ccnc(Nc2cccc(O)c2)n1,Q06187,BTK,inhibition,=,88,%,1000,nM,6.58484,0.42265,no,1
Cc1cc(N2CCOCC2)cc2[nH]c(-c3c(NCC(O)c4cccc(Cl)c4)cc[nH]c3=O)nc12,Q9NWZ3,IRAK4,inhibition,=,50,%,1000,nM,6.28754,0.52545,no,1
Cc1cc(N2CCOCC2)cc2[nH]c(-c3c(NCC(O)c4cccc(Cl)c4)cc[nH]c3=O)nc12,Q06187,BTK,inhibition,=,61,%,1000,nM,7.01071,0.42459,no,1
COc1cc(N2CCC(N3CCN(C)CC3)CC2)ccc1Nc1ncc(Cl)c(Nc2ccccc2S(=O)(=O)C(C)C)n1,Q06187,BTK,inhibition,=,98.1,%,1000,nM,6.25628,0.23832,yes,1
O=C(Nc1ccc(Oc2ccnc3[nH]ccc23)c(F)c1)c1cccn(-c2ccc(F)cc2)c1=O,Q12866,MERTK,inhibition,=,68,%,1000,nM,7.01185,0.29461,no,1
COc1cc(Nc2ncc(F)c(Nc3ccc4c(n3)NC(=O)C(C)(C)O4)n2)cc(OC)c1OC,P51617,IRAK1,inhibition,=,99.8,%,1000,nM,6.02444,0.65456,no,1
COc1cc(Nc2ncc(F)c(Nc3ccc4c(n3)NC(=O)C(C)(C)O4)n2)cc(OC)c1OC,P36888,FLT3,inhibition,=,100,%,1000,nM,7.74754,0.52632,no,1
COc1cc(Nc2ncc(F)c(Nc3ccc4c(n3)NC(=O)C(C)(C)O4)n2)cc(OC)c1OC,Q9NWZ3,IRAK4,inhibition,=,96.7,%,1000,nM,6.17733,0.56932,no,1
COc1cc(Nc2ncc(F)c(Nc3ccc4c(n3)NC(=O)C(C)(C)O4)n2)cc(OC)c1OC,Q04771,ACVR1,inhibition,=,0,%,1000,nM,7.38363,0.67678,no,1
CC(=O)N1CCN(C(=O)Cc2ccc(Nc3ncc(F)c(Nc4ccc(C(=O)Nc5ccccc5Cl)cc4)n3)cc2)CC1,O60674,JAK2,inhibition,=,98.6,%,1000,nM,6.39954,0.48075,no,1
CC(=O)N1CCN(C(=O)Cc2ccc(Nc3ncc(F)c(Nc4ccc(C(=O)Nc5ccccc5Cl)cc4)n3)cc2)CC1,P43405,SYK,inhibition,=,6,%,1000,nM,6.24346,0.40518,no,1
CC(=O)N1CCN(C(=O)Cc2ccc(Nc3ncc(F)c(Nc4ccc(C(=O)Nc5ccccc5Cl)cc4)n3)cc2)CC1,Q06187,BTK,inhibition,=,41,%,1000,nM,6.02635,0.42646,yes,1
c1ccc2c(-c3cnn4cc(-c5ccc(N6CCNCC6)cc5)cnc34)ccnc2c1,P43405,SYK,inhibition,=,11,%,1000,nM,6.05218,0.50635,no,1
O=C(Nc1c[nH]nc1-c1nc2ccc(CN3CCOCC3)cc2[nH]1)NC1CC1,P07333,CSF1R,inhibition,=,98.6,%,1000,nM,8.50775,0.43502999999999997,no,1
O=C(Nc1c[nH]nc1-c1nc2ccc(CN3CCOCC3)cc2[nH]1)NC1CC1,Q9BUB5,MKNK1,inhibition,=,15,%,1000,nM,7.61221,0.67947,no,1
O=C(Nc1c[nH]nc1-c1nc2ccc(CN3CCOCC3)cc2[nH]1)NC1CC1,P42336,PIK3CA,kd,>,10000,nm,NA,NA,6.31173,0.59186,no,1
CS(=O)(=O)c1cccc(CNc2nc(Nc3ccc4c(c3)CCC(=O)N4)ncc2C(F)(F)F)c1,P43405,SYK,inhibition,=,90,%,1000,nM,6.78458,0.45772,no,1
CS(=O)(=O)c1cccc(CNc2nc(Nc3ccc4c(c3)CCC(=O)N4)ncc2C(F)(F)F)c1,P36888,FLT3,inhibition,=,99.35,%,1000,nM,6.11801,0.49438,no,1
CS(=O)(=O)c1cccc(CNc2nc(Nc3ccc4c(c3)CCC(=O)N4)ncc2C(F)(F)F)c1,Q04771,ACVR1,inhibition,=,0,%,1000,nM,7.23679,0.66163,no,1
CS(=O)(=O)c1cccc(CNc2nc(Nc3ccc4c(c3)CCC(=O)N4)ncc2C(F)(F)F)c1,O60674,JAK2,inhibition,=,99.85,%,1000,nM,6.26704,0.49923,no,1
CC(C)Oc1cc(Nc2nc(NC(C)c3ccc(F)cn3)ncc2Cl)[nH]n1,Q06187,BTK,inhibition,=,55,%,1000,nM,6.71475,0.52505,no,1
CC(C)Oc1cc(Nc2nc(NC(C)c3ccc(F)cn3)ncc2Cl)[nH]n1,P51617,IRAK1,inhibition,=,65,%,1000,nM,6.21325,0.68186,no,1
CC(C)Oc1cc(Nc2nc(NC(C)c3ccc(F)cn3)ncc2Cl)[nH]n1,O60674,JAK2,inhibition,=,99.85,%,1000,nM,8.12614,0.51883,no,1
CC(C)Oc1cc(Nc2nc(NC(C)c3ccc(F)cn3)ncc2Cl)[nH]n1,P43405,SYK,inhibition,=,23,%,1000,nM,7.7122,0.5126,no,1
CC(C)Oc1cc(Nc2nc(NC(C)c3ccc(F)cn3)ncc2Cl)[nH]n1,P36888,FLT3,inhibition,=,95.3,%,1000,nM,7.01157,0.54958,no,1
CC(C)Oc1cc(Nc2nc(NC(C)c3ccc(F)cn3)ncc2Cl)[nH]n1,Q04771,ACVR1,inhibition,=,35,%,1000,nM,7.62027,0.72135,no,1
CNC(=O)c1ccccc1Nc1nc(Nc2ccc(N3CCOCC3)cc2OC)ncc1Cl,Q9NWZ3,IRAK4,inhibition,=,83,%,1000,nM,6.14221,0.40901,no,1
CNC(=O)c1ccccc1Nc1nc(Nc2ccc(N3CCOCC3)cc2OC)ncc1Cl,Q06187,BTK,inhibition,=,81,%,1000,nM,6.50021,0.29733,no,1
Cc1cc(Nc2cc(N3CCN(C)CC3)nc(C=Cc3ccccc3)n2)n[nH]1,Q06187,BTK,inhibition,=,57,%,1000,nM,7.05278,0.46603,no,1
Cc1cc(Nc2cc(N3CCN(C)CC3)nc(C=Cc3ccccc3)n2)n[nH]1,Q9NWZ3,IRAK4,inhibition,=,85,%,1000,nM,6.68078,0.54947,no,1
O=C(O)c1ccc(-c2c[nH]c3ncc(-c4ccccc4)cc23)cc1C1CCCC1,P36888,FLT3,kd,=,33,nm,NA,NA,6.73775,0.46566,no,1
CC(C)(C(N)=O)C(=O)NCCCNc1nc(Nc2cccc(NC(=O)N3CCCC3)c2)ncc1Br,P36888,FLT3,kd,=,460,nm,NA,NA,7.41311,0.51708,no,1
Cc1cc(Nc2ncc3cc(-c4c(Cl)cccc4Cl)c(=O)n(C)c3n2)ccc1F,P07333,CSF1R,inhibition,=,100,%,1000,nM,6.5922,0.36494,yes,1
Cc1cc(CN2CCN(c3c(Br)cnc4[nH]c(-c5ccc(N6CCN(C)CC6)cc5)nc34)CC2)no1,P36888,FLT3,inhibition,=,100,%,1000,nM,7.0532,0.50342,no,1
Cc1cc(CN2CCN(c3c(Br)cnc4[nH]c(-c5ccc(N6CCN(C)CC6)cc5)nc34)CC2)no1,P51617,IRAK1,inhibition,=,99.15,%,1000,nM,6.55919,0.63076,no,1
Cc1cc(CN2CCN(c3c(Br)cnc4[nH]c(-c5ccc(N6CCN(C)CC6)cc5)nc34)CC2)no1,Q9NWZ3,IRAK4,inhibition,=,40,%,1000,nM,7.01027,0.5283,no,1
Cc1cc(CN2CCN(c3c(Br)cnc4[nH]c(-c5ccc(N6CCN(C)CC6)cc5)nc34)CC2)no1,O60674,JAK2,inhibition,=,99.65,%,1000,nM,6.94943,0.51868,no,1
Cc1cc(CN2CCN(c3c(Br)cnc4[nH]c(-c5ccc(N6CCN(C)CC6)cc5)nc34)CC2)no1,P43405,SYK,inhibition,=,39,%,1000,nM,8.20995,0.41062,no,1
Cc1cc(CN2CCN(c3c(Br)cnc4[nH]c(-c5ccc(N6CCN(C)CC6)cc5)nc34)CC2)no1,Q04771,ACVR1,inhibition,=,24,%,1000,nM,7.17834,0.63955,no,1
Cc1cc(CN2CCN(c3c(Br)cnc4[nH]c(-c5ccc(N6CCN(C)CC6)cc5)nc34)CC2)no1,Q06187,BTK,inhibition,=,18,%,1000,nM,6.51965,0.49486,no,1
Cc1cc(Nc2ncc(F)c(NC3C4C=CC(C4)C3C(N)=O)n2)ccc1N1CCN(C)CC1,Q06187,BTK,inhibition,=,99.95,%,1000,nM,7.85647,0.44672,no,1
Cc1cc(Nc2ncc(F)c(NC3C4C=CC(C4)C3C(N)=O)n2)ccc1N1CCN(C)CC1,Q9NWZ3,IRAK4,inhibition,=,99.5,%,1000,nM,6.42399,0.5541,no,1
CN1CCN(Cc2ccc(Nc3ncc(Cl)c(Nc4ccccc4S(=O)(=O)N(C)C)n3)cc2)CC1,Q04771,ACVR1,inhibition,=,99.9,%,1000,nM,7.4833,0.60152,no,1
CN1CCN(Cc2ccc(Nc3ncc(Cl)c(Nc4ccccc4S(=O)(=O)N(C)C)n3)cc2)CC1,Q06187,BTK,inhibition,=,99.7,%,1000,nM,7.36645,0.39162,no,1
CN1CCN(Cc2ccc(Nc3ncc(Cl)c(Nc4ccccc4S(=O)(=O)N(C)C)n3)cc2)CC1,P36888,FLT3,inhibition,=,99.85,%,1000,nM,7.48827,0.408,no,1
CN1CCN(Cc2ccc(Nc3ncc(Cl)c(Nc4ccccc4S(=O)(=O)N(C)C)n3)cc2)CC1,P51617,IRAK1,inhibition,=,100,%,1000,nM,7.13039,0.58576,no,1
CN1CCN(Cc2ccc(Nc3ncc(Cl)c(Nc4ccccc4S(=O)(=O)N(C)C)n3)cc2)CC1,Q9NWZ3,IRAK4,inhibition,=,100,%,1000,nM,6.45593,0.50399,no,1
CN1CCN(Cc2ccc(Nc3ncc(Cl)c(Nc4ccccc4S(=O)(=O)N(C)C)n3)cc2)CC1,O60674,JAK2,inhibition,=,100,%,1000,nM,7.32202,0.46196,no,1
CN1CCN(Cc2ccc(Nc3ncc(Cl)c(Nc4ccccc4S(=O)(=O)N(C)C)n3)cc2)CC1,P43405,SYK,inhibition,=,98.9,%,1000,nM,8.7441,0.38756,no,1
CN1CCN(c2cccc(Nc3nc4c(-c5ccc(S(C)(=O)=O)cc5)cccn4n3)c2)CC1,P43405,SYK,inhibition,=,83,%,1000,nM,7.64602,0.40194,no,1
CN1CCN(c2cccc(Nc3nc4c(-c5ccc(S(C)(=O)=O)cc5)cccn4n3)c2)CC1,Q04771,ACVR1,inhibition,=,17,%,1000,nM,7.24731,0.61118,no,1
CN1CCN(c2cccc(Nc3nc4c(-c5ccc(S(C)(=O)=O)cc5)cccn4n3)c2)CC1,Q06187,BTK,inhibition,=,36,%,1000,nM,7.0471,0.41114,no,1
CN1CCN(c2cccc(Nc3nc4c(-c5ccc(S(C)(=O)=O)cc5)cccn4n3)c2)CC1,P36888,FLT3,inhibition,=,99.35,%,1000,nM,7.55683,0.42723,no,1
CN1CCN(c2cccc(Nc3nc4c(-c5ccc(S(C)(=O)=O)cc5)cccn4n3)c2)CC1,P51617,IRAK1,inhibition,=,99.25,%,1000,nM,6.18129,0.5703,no,1
CN1CCN(c2cccc(Nc3nc4c(-c5ccc(S(C)(=O)=O)cc5)cccn4n3)c2)CC1,Q9NWZ3,IRAK4,inhibition,=,97.9,%,1000,nM,6.01624,0.49134,yes,1
COc1c(Nc2ncc(Cl)c(NC3C4C=CC(C4)C3C(N)=O)n2)ccc2c1CCC(N1CCOCC1)CC2,O60674,JAK2,inhibition,=,50,%,1000,nM,7.31661,0.51287,no,1
COc1c(Nc2ncc(Cl)c(NC3C4C=CC(C4)C3C(N)=O)n2)ccc2c1CCC(N1CCOCC1)CC2,Q04771,ACVR1,inhibition,=,1,%,1000,nM,7.7336,0.67241,no,1
COc1c(Nc2ncc(Cl)c(NC3C4C=CC(C4)C3C(N)=O)n2)ccc2c1CCC(N1CCOCC1)CC2,P43405,SYK,inhibition,=,84,%,1000,nM,7.98839,0.3819,no,1
COc1c(Nc2ncc(Cl)c(NC3C4C=CC(C4)C3C(N)=O)n2)ccc2c1CCC(N1CCOCC1)CC2,Q06187,BTK,inhibition,=,4,%,1000,nM,6.80085,0.36639,no,1
COc1c(Nc2ncc(Cl)c(NC3C4C=CC(C4)C3C(N)=O)n2)ccc2c1CCC(N1CCOCC1)CC2,P51617,IRAK1,inhibition,=,97.7,%,1000,nM,6.93361,0.60134,no,1
COc1c(Nc2ncc(Cl)c(NC3C4C=CC(C4)C3C(N)=O)n2)ccc2c1CCC(N1CCOCC1)CC2,Q9NWZ3,IRAK4,inhibition,=,0,%,1000,nM,6.62969,0.53096,no,1
COc1cc2nccc(Oc3ccc(NC(=O)C4(C(=O)Nc5ccc(F)cc5)CC4)cc3)c2cc1OC,Q12866,MERTK,kd,<,0.17,nm,NA,NA,7.21054,0.3615,no,1
Cc1cc(Nc2cc(CN3CCOCC3)c3nc(C)c(Cc4ccc(Cl)cc4F)n3n2)n[nH]1,Q06187,BTK,inhibition,=,16,%,1000,nM,6.45072,0.53506,yes,0.46835
Cc1cc(Nc2cc(CN3CCOCC3)c3nc(C)c(Cc4ccc(Cl)cc4F)n3n2)n[nH]1,Q04771,ACVR1,inhibition,=,38,%,1000,nM,6.30786,0.69493,no,0.46835
Cc1cc(Nc2cc(CN3CCOCC3)c3nc(C)c(Cc4ccc(Cl)cc4F)n3n2)n[nH]1,O60674,JAK2,inhibition,=,99.9,%,1000,nM,7.25136,0.5609,no,0.46835
Cc1cc(Nc2cc(CN3CCOCC3)c3nc(C)c(Cc4ccc(Cl)cc4F)n3n2)n[nH]1,P43405,SYK,inhibition,=,13,%,1000,nM,6.31399,0.51496,no,0.46835
Cc1cc(Nc2cc(CN3CCOCC3)c3nc(C)c(Cc4ccc(Cl)cc4F)n3n2)n[nH]1,P36888,FLT3,inhibition,=,100,%,1000,nM,6.00527,0.52191,no,0.46835
Nc1nccc(Oc2ccc(NC(=O)c3c[nH]cc(-c4ccc(F)cc4)c3=O)cc2F)c1Cl,Q12866,MERTK,inhibition,=,79,%,1000,nM,8.15281,0.425,no,1
NC(=O)c1cnc(NC2CCCCC2N)nc1Nc1cccc(-n2nccn2)c1,Q06187,BTK,inhibition,=,69,%,1000,nM,6.74215,0.45123,no,1
NC(=O)c1cnc(NC2CCCCC2N)nc1Nc1cccc(-n2nccn2)c1,Q9NWZ3,IRAK4,inhibition,=,97.5,%,1000,nM,6.77436,0.52851,no,1
NC(=O)c1cnc(NC2CCCCC2N)nc1Nc1cccc(-n2nccn2)c1,Q04771,ACVR1,inhibition,=,0,%,1000,nM,6.33755,0.66667,yes,1
NC(=O)c1cnc(NC2CCCCC2N)nc1Nc1cccc(-n2nccn2)c1,P36888,FLT3,inhibition,=,47,%,1000,nM,7.25374,0.50664,no,1
CCNc1nc(Nc2cc(F)c(C(=O)N3CCOCC3)cc2OC)ncc1C(F)(F)F,P51617,IRAK1,inhibition,=,21,%,1000,nM,6.50171,0.60417,no,1
CCNc1nc(Nc2cc(F)c(C(=O)N3CCOCC3)cc2OC)ncc1C(F)(F)F,Q04771,ACVR1,inhibition,=,17,%,1000,nM,6.9718,0.61778,no,1
CCNc1nc(Nc2cc(F)c(C(=O)N3CCOCC3)cc2OC)ncc1C(F)(F)F,P43405,SYK,inhibition,=,12,%,1000,nM,7.20011,0.44957,no,1
CCNc1nc(Nc2cc(F)c(C(=O)N3CCOCC3)cc2OC)ncc1C(F)(F)F,O60674,JAK2,inhibition,=,16,%,1000,nM,6.45137,0.51,no,1
CCC(Nc1ncnc2[nH]cnc12)c1nc2cccc(F)c2c(=O)n1-c1ccccc1,Q9NWZ3,IRAK4,inhibition,=,30,%,1000,nM,6.84236,0.65478,no,1
CCC(Nc1ncnc2[nH]cnc12)c1nc2cccc(F)c2c(=O)n1-c1ccccc1,O60674,JAK2,inhibition,=,12,%,1000,nM,6.80457,0.63232,no,1
CCC(Nc1ncnc2[nH]cnc12)c1nc2cccc(F)c2c(=O)n1-c1ccccc1,P36888,FLT3,inhibition,=,0,%,1000,nM,6.23189,0.60456,yes,1
CCC(Nc1ncnc2[nH]cnc12)c1nc2cccc(F)c2c(=O)n1-c1ccccc1,P43405,SYK,inhibition,=,0,%,1000,nM,6.04561,0.57685,no,1
CCC(Nc1ncnc2[nH]cnc12)c1nc2cccc(F)c2c(=O)n1-c1ccccc1,Q04771,ACVR1,inhibition,=,12,%,1000,nM,6.82195,0.73304,no,1
CCC(Nc1ncnc2[nH]cnc12)c1nc2cccc(F)c2c(=O)n1-c1ccccc1,Q06187,BTK,inhibition,=,3,%,1000,nM,6.37333,0.58338,no,1
Cc1ccc(C(=O)Nc2ccc(CN3CCN(C)CC3)c(C(F)(F)F)c2)cc1C#Cc1cnc2[nH]ncc2c1,P07333,CSF1R,inhibition,=,100,%,1000,nM,8.27738,0.33095,no,1
COc1cc(N2CCOCC2)ccc1Nc1ncc(F)c(Nc2ccccc2NS(C)(=O)=O)n1,O60674,JAK2,inhibition,=,65,%,1000,nM,6.29205,0.46008,no,1
COc1cc(N2CCOCC2)ccc1Nc1ncc(F)c(Nc2ccccc2NS(C)(=O)=O)n1,P51617,IRAK1,inhibition,=,53,%,1000,nM,6.05487,0.56276,no,1
COc1cc(N2CCOCC2)ccc1Nc1ncc(F)c(Nc2ccccc2NS(C)(=O)=O)n1,Q04771,ACVR1,inhibition,=,0,%,1000,nM,7.15048,0.59817,no,1
COc1cc(N2CCOCC2)ccc1Nc1ncc(F)c(Nc2ccccc2NS(C)(=O)=O)n1,P43405,SYK,inhibition,=,66,%,1000,nM,7.07647,0.37535,no,1
CC(=O)Nc1nc(C)c(-c2nc(N3CCCC(O)C3)no2)s1,P42336,PIK3CA,inhibition,=,99.65,%,1000,nM,7.27969,0.56196,no,1
CCCCNc1ncc(-c2ccc(CN3CCOCC3)cn2)c(NC2CCC(O)CC2)n1,P51617,IRAK1,inhibition,=,89,%,1000,nM,7.38626,0.64314,no,1
CCCCNc1ncc(-c2ccc(CN3CCOCC3)cn2)c(NC2CCC(O)CC2)n1,Q06187,BTK,inhibition,=,17,%,1000,nM,6.76604,0.41166,no,1
CCCCNc1ncc(-c2ccc(CN3CCOCC3)cn2)c(NC2CCC(O)CC2)n1,Q04771,ACVR1,inhibition,=,59,%,1000,nM,6.76688,0.69516,no,1
CCCCNc1ncc(-c2ccc(CN3CCOCC3)cn2)c(NC2CCC(O)CC2)n1,P43405,SYK,inhibition,=,0,%,1000,nM,8.81914,0.4283,no,1
CCCCNc1ncc(-c2ccc(CN3CCOCC3)cn2)c(NC2CCC(O)CC2)n1,O60674,JAK2,inhibition,=,86,%,1000,nM,7.02289,0.52875,no,1
CCCCNc1ncc(-c2ccc(CN3CCOCC3)cn2)c(NC2CCC(O)CC2)n1,Q9NWZ3,IRAK4,inhibition,=,75,%,1000,nM,6.6842,0.55184,no,1
CCCCNc1ncc(-c2ccc(CN3CCOCC3)cn2)c(NC2CCC(O)CC2)n1,P36888,FLT3,inhibition,=,99.7,%,1000,nM,7.46653,0.46099,no,1
CNc1nc(Nc2cn(C(C)(C)C#N)nc2C)ncc1C(F)(F)F,O60674,JAK2,inhibition,=,32,%,1000,nM,6.86243,0.63413,no,1
CNc1nc(Nc2cn(C(C)(C)C#N)nc2C)ncc1C(F)(F)F,P43405,SYK,inhibition,=,0,%,1000,nM,7.27808,0.57657,no,1
CNc1nc(Nc2cn(C(C)(C)C#N)nc2C)ncc1C(F)(F)F,Q04771,ACVR1,inhibition,=,0,%,1000,nM,6.8717,0.70031,no,1
CNc1nc(Nc2cn(C(C)(C)C#N)nc2C)ncc1C(F)(F)F,Q06187,BTK,inhibition,=,0,%,1000,nM,6.17395,0.59632,yes,1
CNc1nc(Nc2cn(C(C)(C)C#N)nc2C)ncc1C(F)(F)F,P51617,IRAK1,inhibition,=,66,%,1000,nM,6.37476,0.72425,no,1
CC1CCC(n2c3cnccc3c3cnc(Nc4ccc5c(n4)CCN(C(=O)CO)C5)nc32)CC1,Q06187,BTK,inhibition,=,28,%,1000,nM,7.22157,0.5695,no,1
CC1CCC(n2c3cnccc3c3cnc(Nc4ccc5c(n4)CCN(C(=O)CO)C5)nc32)CC1,Q04771,ACVR1,inhibition,=,10,%,1000,nM,6.1756,0.73008,yes,1
CC1CCC(n2c3cnccc3c3cnc(Nc4ccc5c(n4)CCN(C(=O)CO)C5)nc32)CC1,P43405,SYK,inhibition,=,0,%,1000,nM,8.198,0.55789,no,1
CC1CCC(n2c3cnccc3c3cnc(Nc4ccc5c(n4)CCN(C(=O)CO)C5)nc32)CC1,O60674,JAK2,inhibition,=,40,%,1000,nM,7.54204,0.60985,no,1
CC1CCC(n2c3cnccc3c3cnc(Nc4ccc5c(n4)CCN(C(=O)CO)C5)nc32)CC1,Q9NWZ3,IRAK4,inhibition,=,78,%,1000,nM,6.87805,0.64511,no,1
CC1CCC(n2c3cnccc3c3cnc(Nc4ccc5c(n4)CCN(C(=O)CO)C5)nc32)CC1,P51617,IRAK1,inhibition,=,87,%,1000,nM,7.04899,0.70533,no,1
CCc1nc(C(N)=O)c(Nc2ccc(N3CCC(N4CCN(C)CC4)CC3)c(OC)c2)nc1NC1CCOCC1,Q04771,ACVR1,inhibition,=,99.8,%,1000,nM,7.26682,0.66794,no,1
CCc1nc(C(N)=O)c(Nc2ccc(N3CCC(N4CCN(C)CC4)CC3)c(OC)c2)nc1NC1CCOCC1,Q06187,BTK,inhibition,=,90.1,%,1000,nM,8.41492,0.36469,no,1
CCc1nc(C(N)=O)c(Nc2ccc(N3CCC(N4CCN(C)CC4)CC3)c(OC)c2)nc1NC1CCOCC1,P51617,IRAK1,inhibition,=,99.8,%,1000,nM,6.74237,0.58451,no,1
CCc1nc(C(N)=O)c(Nc2ccc(N3CCC(N4CCN(C)CC4)CC3)c(OC)c2)nc1NC1CCOCC1,Q9NWZ3,IRAK4,inhibition,=,100,%,1000,nM,7.1072,0.50924,no,1
CCc1nc(C(N)=O)c(Nc2ccc(N3CCC(N4CCN(C)CC4)CC3)c(OC)c2)nc1NC1CCOCC1,O60674,JAK2,inhibition,=,99.85,%,1000,nM,7.94392,0.49179,no,1
CCc1nc(C(N)=O)c(Nc2ccc(N3CCC(N4CCN(C)CC4)CC3)c(OC)c2)nc1NC1CCOCC1,P43405,SYK,inhibition,=,91.3,%,1000,nM,9.05947,0.35575,no,1
CCc1nc(C(N)=O)c(Nc2ccc(N3CCC(N4CCN(C)CC4)CC3)c(OC)c2)nc1NC1CCOCC1,Q12866,MERTK,inhibition,=,100,%,1000,nM,7.82283,0.37557,no,1
CN1CCN(Cc2ccc(-c3cn(C4CCC(O)CC4)c4nc(NCCC5CC5)ncc34)cc2)CC1,Q06187,BTK,kd,=,1500,nm,NA,NA,7.71186,0.39165,no,1
CN1CCN(Cc2ccc(-c3cn(C4CCC(O)CC4)c4nc(NCCC5CC5)ncc34)cc2)CC1,Q9NWZ3,IRAK4,kd,=,18,nm,NA,NA,7.02961,0.55836,no,1
CC(C)c1cc(CNc2nc(Nc3cc(C4CC4)[nH]n3)cc(N3CCN(C)CC3)n2)on1,O60674,JAK2,inhibition,=,100,%,1000,nM,7.70543,0.57101,no,1
CC(C)c1cc(CNc2nc(Nc3cc(C4CC4)[nH]n3)cc(N3CCN(C)CC3)n2)on1,Q04771,ACVR1,inhibition,=,99.9,%,1000,nM,6.28368,0.73053,no,1
CC(C)c1cc(CNc2nc(Nc3cc(C4CC4)[nH]n3)cc(N3CCN(C)CC3)n2)on1,Q06187,BTK,inhibition,=,96.3,%,1000,nM,7.60332,0.49742,no,1
CC(C)c1cc(CNc2nc(Nc3cc(C4CC4)[nH]n3)cc(N3CCN(C)CC3)n2)on1,P36888,FLT3,inhibition,=,100,%,1000,nM,7.6485,0.52933,no,1
CC(C)c1cc(CNc2nc(Nc3cc(C4CC4)[nH]n3)cc(N3CCN(C)CC3)n2)on1,P51617,IRAK1,inhibition,=,88,%,1000,nM,6.10545,0.65019,no,1
CC(C)c1cc(CNc2nc(Nc3cc(C4CC4)[nH]n3)cc(N3CCN(C)CC3)n2)on1,Q9NWZ3,IRAK4,inhibition,=,66,%,1000,nM,6.25306,0.60036,no,1
CC(C)c1cc(CNc2nc(Nc3cc(C4CC4)[nH]n3)cc(N3CCN(C)CC3)n2)on1,P43405,SYK,inhibition,=,62,%,1000,nM,8.09932,0.4316,no,1
Cc1ccc(C(=O)Nc2ccc(Oc3cc4cnn(C)c4cc3-c3cn[nH]c3)c(F)c2)c(=O)n1-c1ccc(F)cc1,Q12866,MERTK,inhibition,=,84,%,1000,nM,8.05812,0.48493000000000003,no,1
O=C(Nc1cc(Oc2cc(F)c(NC(=O)C3(C(=O)Nc4ccc(F)cc4)CC3)cc2F)ccn1)C1CC1,Q12866,MERTK,inhibition,=,71,%,1000,nM,8.42599,0.46177,no,1
O=C(NCCCNc1nc(Nc2cccc(CN3CCOCC3)c2)ncc1C1CC1)C1CCC1,O60674,JAK2,inhibition,=,99.35,%,1000,nM,6.3861,0.52344,no,1
O=C(NCCCNc1nc(Nc2cccc(CN3CCOCC3)c2)ncc1C1CC1)C1CCC1,P36888,FLT3,inhibition,=,99.65,%,1000,nM,7.0113,0.47002,no,1
O=C(NCCCNc1nc(Nc2cccc(CN3CCOCC3)c2)ncc1C1CC1)C1CCC1,Q04771,ACVR1,inhibition,=,0,%,1000,nM,6.43738,0.63903,yes,1
O=C(NCCCNc1nc(Nc2cccc(CN3CCOCC3)c2)ncc1C1CC1)C1CCC1,Q06187,BTK,inhibition,=,1,%,1000,nM,6.66017,0.47472,no,1
O=C(NCCCNc1nc(Nc2cccc(CN3CCOCC3)c2)ncc1C1CC1)C1CCC1,P43405,SYK,inhibition,=,55,%,1000,nM,7.06458,0.45297,no,1
O=C(NCCCNc1nc(Nc2cccc(CN3CCOCC3)c2)ncc1C1CC1)C1CCC1,P51617,IRAK1,inhibition,=,45,%,1000,nM,6.19825,0.62551,no,1
O=C(NCCCNc1nc(Nc2cccc(CN3CCOCC3)c2)ncc1C1CC1)C1CCC1,Q9NWZ3,IRAK4,inhibition,=,31,%,1000,nM,6.41561,0.54425,no,1
N#CCC1(n2cc(-c3ncnc4[nH]ccc34)cn2)CN(C2CCN(C(=O)c3ccnc(C(F)(F)F)c3F)CC2)C1,P43405,SYK,inhibition,=,0,%,1000,nM,7.65797,0.4271,no,1
N#CCC1(n2cc(-c3ncnc4[nH]ccc34)cn2)CN(C2CCN(C(=O)c3ccnc(C(F)(F)F)c3F)CC2)C1,Q04771,ACVR1,inhibition,=,0,%,1000,nM,7.18792,0.70267,no,1
N#CCC1(n2cc(-c3ncnc4[nH]ccc34)cn2)CN(C2CCN(C(=O)c3ccnc(C(F)(F)F)c3F)CC2)C1,Q06187,BTK,inhibition,=,12,%,1000,nM,7.59041,0.45893,no,1
N#CCC1(n2cc(-c3ncnc4[nH]ccc34)cn2)CN(C2CCN(C(=O)c3ccnc(C(F)(F)F)c3F)CC2)C1,P36888,FLT3,inhibition,=,0,%,1000,nM,7.09444,0.50294,no,1
N#CCC1(n2cc(-c3ncnc4[nH]ccc34)cn2)CN(C2CCN(C(=O)c3ccnc(C(F)(F)F)c3F)CC2)C1,P51617,IRAK1,inhibition,=,25,%,1000,nM,6.7379,0.59142,no,1
N#CCC1(n2cc(-c3ncnc4[nH]ccc34)cn2)CN(C2CCN(C(=O)c3ccnc(C(F)(F)F)c3F)CC2)C1,Q9NWZ3,IRAK4,inhibition,=,1,%,1000,nM,7.44511,0.55479,no,1
N#CCC1(n2cc(-c3ncnc4[nH]ccc34)cn2)CN(C2CCN(C(=O)c3ccnc(C(F)(F)F)c3F)CC2)C1,O60674,JAK2,inhibition,=,100,%,1000,nM,8.23817,0.243,no,1
CCC1CN(C(=O)NCC(F)(F)F)CC1c1cnc2cnc3[nH]ccc3n12,P36888,FLT3,inhibition,=,95.5,%,1000,nM,6.26991,0.59002,no,1
CCC1CN(C(=O)NCC(F)(F)F)CC1c1cnc2cnc3[nH]ccc3n12,P43405,SYK,inhibition,=,6,%,1000,nM,6.34753,0.56674,no,1
CCC1CN(C(=O)NCC(F)(F)F)CC1c1cnc2cnc3[nH]ccc3n12,Q9NWZ3,IRAK4,inhibition,=,12,%,1000,nM,6.17609,0.6504,no,1
CCCS(=O)(=O)NC1CC(N(C)c2ncnc3[nH]ccc23)C1,P36888,FLT3,inhibition,=,47,%,1000,nM,6.09285,0.4632,no,1
CCCS(=O)(=O)NC1CC(N(C)c2ncnc3[nH]ccc23)C1,P43405,SYK,inhibition,=,0,%,1000,nM,6.04734,0.39734,no,1
CC(=O)c1cnc2ccc(-c3cc(Cl)c(O)c(Cl)c3)nc2c1NC1CCC(CN(C)C)CC1,Q9NWZ3,IRAK4,inhibition,=,99.7,%,1000,nM,7.08353,0.60283,no,1
NCCC(=O)N1CCCC(n2nc(-c3ccc(Oc4ccccc4)cc3)c3c(N)ncnc32)C1,Q06187,BTK,inhibition,=,99.95,%,1000,nM,7.40317,0.28884,no,0.80882
Cc1c(C(=O)Nc2ccc(Oc3ccnc4[nH]cc(-c5ccccc5)c34)c(F)c2)c(=O)n(-c2ccc(F)cc2)n1C,Q9NWZ3,IRAK4,kd,>,10000,nm,NA,NA,7.07529,0.53853,no,1
Cc1c(C(=O)Nc2ccc(Oc3ccnc4[nH]cc(-c5ccccc5)c34)c(F)c2)c(=O)n(-c2ccc(F)cc2)n1C,Q06187,BTK,kd,>,10000,nm,NA,NA,7.72633,0.41851,no,1
CNC(=O)c1ccccc1Nc1nc(Nc2ccc3c(c2OC)CCCC(N2CCN(CCO)CC2)C3)ncc1Cl,Q9NWZ3,IRAK4,inhibition,=,82,%,1000,nM,6.38036,0.51728,no,1
CNC(=O)c1ccccc1Nc1nc(Nc2ccc3c(c2OC)CCCC(N2CCN(CCO)CC2)C3)ncc1Cl,P43405,SYK,inhibition,=,0,%,1000,nM,7.24651,0.37495,no,1
CNC(=O)c1ccccc1Nc1nc(Nc2ccc3c(c2OC)CCCC(N2CCN(CCO)CC2)C3)ncc1Cl,O60674,JAK2,inhibition,=,56,%,1000,nM,6.17464,0.48653,no,1
CNC(=O)c1ccccc1Nc1nc(Nc2ccc3c(c2OC)CCCC(N2CCN(CCO)CC2)C3)ncc1Cl,P51617,IRAK1,inhibition,=,84,%,1000,nM,6.64786,0.56549,no,1
CNC(=O)c1ccccc1Nc1nc(Nc2ccc3c(c2OC)CCCC(N2CCN(CCO)CC2)C3)ncc1Cl,P36888,FLT3,inhibition,=,93.9,%,1000,nM,6.98685,0.45519,no,1
CNC(=O)c1ccccc1Nc1nc(Nc2ccc3c(c2OC)CCCC(N2CCN(CCO)CC2)C3)ncc1Cl,Q06187,BTK,inhibition,=,50,%,1000,nM,6.68239,0.35965,no,1
CNC(=O)c1ccccc1Nc1nc(Nc2ccc3c(c2OC)CCCC(N2CCN(CCO)CC2)C3)ncc1Cl,Q04771,ACVR1,inhibition,=,0,%,1000,nM,7.2548,0.66021,no,1
CC1CN(C2COC2)CCN1c1ccc(Nc2cc(-c3ccnc(N4CCn5c(cc6c5CC(C)(C)C6)C4=O)c3CO)cn(C)c2=O)nc1,Q9NWZ3,IRAK4,inhibition,=,33,%,1000,nM,6.05609,0.65009,no,1
CN1CCc2cc(Nc3ncc(C4CC4)c(NCCCNC(=O)C4CCC4)n3)ccc2C1,P36888,FLT3,kd,=,2.6,nm,NA,NA,7.47766,0.51396,no,1
Cc1nc(Nc2ncc(C(=O)Nc3c(C)cccc3Cl)s2)cc(N2CCNCC2)n1,Q9BUB5,MKNK1,inhibition,=,0,%,1000,nM,6.82776,0.67165,no,0.77143
COc1ccc(CN2C(=O)COC(c3ccc(NC(=O)c4cnccn4)cc3)C2CO)cc1,P07333,CSF1R,inhibition,=,5,%,1000,nM,7.02994,0.5325,no,0.4
Cc1nn(-c2cccc(Cl)c2)c(O)c1C=C1NC(=O)N(Cc2ccc(C#N)cc2)C1=O,P42336,PIK3CA,inhibition,=,0,%,1000,nM,7.24144,0.67208,no,0.35
COc1ccc(NC(=O)c2csc(-c3ccc(OCc4ccc(F)c(F)c4)c(OC)c3)n2)cc1,P07333,CSF1R,inhibition,=,1,%,1000,nM,6.71096,0.49095,no,0.5
COc1ccc(NC(=O)c2csc(-c3ccc(OCc4ccc(Cl)cc4)c(OC)c3)n2)cc1,P07333,CSF1R,inhibition,=,6,%,1000,nM,6.61753,0.46063,no,0.52308
COc1ccc(NC(=O)c2csc(-c3ccc(OCc4ccc(Cl)c(Cl)c4)c(OC)c3)n2)cc1,P07333,CSF1R,inhibition,=,0,%,1000,nM,6.64304,0.47518,no,0.51515
COc1cc(-c2nc(C(=O)Nc3cccc(C)c3)cs2)ccc1OCc1ccc(Cl)c(Cl)c1,P07333,CSF1R,inhibition,=,0,%,1000,nM,6.59667,0.4864,no,0.52174
COc1ccc(-c2cnc3ncnn3c2N2CCN(S(=O)(=O)c3sc(NC(C)=O)nc3C)CC2)cc1OC,P42336,PIK3CA,inhibition,=,1,%,1000,nM,7.55671,0.58395,no,0.37647
COc1ccc(-c2cnc3ncnn3c2N2CCCN(S(=O)(=O)c3sc(NC(C)=O)nc3C)CC2)cc1,P42336,PIK3CA,inhibition,=,0,%,1000,nM,7.94615,0.61767,no,0.37079
COc1ccc(-c2cnc3ncnn3c2N2CCN(S(=O)(=O)c3sc(NC(C)=O)nc3C)CC2)cc1,P42336,PIK3CA,inhibition,=,0,%,1000,nM,7.63625,0.60516,no,0.37209
COc1cc(NC(=O)c2cc(-c3cnn(-c4ccc(C)cc4)c3C)nc3ccc(C)cc23)cc(OC)c1,P42336,PIK3CA,inhibition,=,0,%,1000,nM,6.49505,0.62915,no,0.4125
COc1ccc(NC(=O)c2cnc3c(-c4cccc(C)c4)c(C)nn3c2C)cc1Cl,P07333,CSF1R,inhibition,=,0,%,1000,nM,6.94041,0.49574,no,0.4375
COc1ccc(NC(=O)Nc2ccc(C)c(OCc3cc(=O)n4ccccc4n3)c2)c(OC)c1,P07333,CSF1R,inhibition,=,13,%,1000,nM,6.98355,0.5031,no,0.4557
CC(=O)Nc1nc2cc(NS(=O)(=O)c3cccc(Cl)c3C)ccc2s1,P42336,PIK3CA,inhibition,=,0,%,1000,nM,6.49401,0.56351,no,0.5
CCc1ccc(NC(=O)Nc2ccc3sc(NS(=O)(=O)c4ccc(C)cc4)nc3c2)cc1,P42336,PIK3CA,inhibition,=,0,%,1000,nM,6.45849,0.56231,no,0.49275
Cc1ccc(S(=O)(=O)Nc2nc3cc(NC(=O)Nc4ccc(Cl)cc4)ccc3s2)cc1,P42336,PIK3CA,inhibition,=,0,%,1000,nM,6.55895,0.54284,no,0.48529
COc1ccc(NC(=O)Nc2ccc3sc(NS(=O)(=O)c4ccc(C)cc4)nc3c2)cc1OC,P42336,PIK3CA,inhibition,=,0,%,1000,nM,6.52423,0.55209,no,0.46479
COc1cc(NC(=O)Nc2ccc3sc(NS(=O)(=O)c4ccc(C)cc4)nc3c2)cc(OC)c1,P42336,PIK3CA,inhibition,=,9,%,1000,nM,7.03623,0.56056,no,0.48611
Cc1ccc(S(=O)(=O)Nc2nc3cc(NC(=O)Nc4ccc5c(c4)OCCO5)ccc3s2)cc1,P42336,PIK3CA,inhibition,=,0,%,1000,nM,6.86596,0.55498,no,0.4625
Cc1ccc(S(=O)(=O)Nc2nc3cc(NC(=O)Nc4ccc5c(c4)OCO5)ccc3s2)cc1,P42336,PIK3CA,inhibition,=,0,%,1000,nM,6.4916,0.57247,no,0.45205
COc1ccc(NC(=O)Nc2ccc3sc(NS(=O)(=O)c4ccccc4)nc3c2)cc1,P42336,PIK3CA,inhibition,=,0,%,1000,nM,6.5868,0.50566,no,0.50746
O=C(Nc1ccc2c(c1)OCCO2)Nc1ccc2sc(NS(=O)(=O)c3ccccc3)nc2c1,P42336,PIK3CA,inhibition,=,20,%,1000,nM,6.76845,0.5548,no,0.41975
CC1CCN(C(=O)c2ccc(Nc3cc(-c4ccc(F)cc4)ncn3)cc2)CC1,Q9BUB5,MKNK1,inhibition,=,0,%,1000,nM,7.23018,0.59198,no,0.5
COc1ccc(NC(=O)c2cnc3c(-c4cccc(C)c4)c(C)nn3c2C)cc1OC,P07333,CSF1R,inhibition,=,97.4,%,1000,nM,7.00724,0.49718,no,0.40789
Cc1ccc(-c2cncc(C(=O)Nc3ccc(C)c(Cl)c3)c2)cc1,P07333,CSF1R,inhibition,=,94.9,%,1000,nM,7.04504,0.46026,no,0.55102
COc1ccc(-c2cncc(C(=O)Nc3ccc(C)c(Cl)c3)c2)cc1,P07333,CSF1R,inhibition,=,0,%,1000,nM,7.06454,0.43623,no,0.5
COc1ccc(NC(=O)Cn2c(=O)nc3c4c5c(sc4ncn32)CC(C(C)(C)C)CC5)cc1OC,P07333,CSF1R,inhibition,=,4,%,1000,nM,7.28921,0.56025,no,0.40426
Cc1cccc(-c2c(C)nn3c(C)c(C(=O)Nc4ccc(C)c(Cl)c4)cnc23)c1,P07333,CSF1R,inhibition,=,0,%,1000,nM,7.16735,0.50257,no,0.42029
COc1ccc(-c2cc3n(n2)CCC(=O)N3Cc2ccc(C(=O)Nc3ccc(C)c(C)c3)cc2)cc1,P07333,CSF1R,inhibition,=,0,%,1000,nM,6.70981,0.51696,no,0.42553
CCCCc1ccc(NC(=O)C2CCN(c3cc(-c4ccc(F)cc4)ncn3)CC2)cc1,Q12866,MERTK,inhibition,=,30,%,1000,nM,6.31064,0.49123,no,0.44444
Cc1ccc(NC(=O)CCn2nc(C(=O)Nc3cccc(C)c3)ccc2=O)nc1,P07333,CSF1R,inhibition,=,0,%,1000,nM,6.42999,0.53699,no,0.40506
Cc1ccc(NC(=O)CCn2nc(C(=O)Nc3ccc(C)c(C)c3)ccc2=O)nc1,P07333,CSF1R,inhibition,=,4,%,1000,nM,6.65838,0.55816,no,0.34667
Cc1cccc(C(=O)Nc2ccc(C)c(OCc3cc(=O)n4cc(C)sc4n3)c2)c1,P07333,CSF1R,inhibition,=,97.9,%,1000,nM,6.91712,0.52808,no,0.40909
COc1cccc(C(=O)Nc2ccc(C)c(OCc3cc(=O)n4cc(C)sc4n3)c2)c1,P07333,CSF1R,inhibition,=,95.8,%,1000,nM,6.89528,0.48942,no,0.44928
COc1ccc(NC(=O)c2csc(-c3ccc(OCc4cccc(Cl)c4)c(OC)c3)n2)cc1,P07333,CSF1R,inhibition,=,0,%,1000,nM,6.72776,0.47708,no,0.52239
COc1cccc(CNC(=O)C2CCN(c3cncnc3NC(C)=O)CC2)c1,Q9BUB5,MKNK1,inhibition,=,0,%,1000,nM,6.49832,0.65606,no,0.4359
CCc1cc2c(=O)n(-c3ccc(Cl)cc3)c(SCC(=O)Nc3ccc(OC)cc3)nc2s1,P42336,PIK3CA,inhibition,=,0,%,1000,nM,6.32667,0.62088,no,0.425
Cn1ncc2c(N3CCOCC3)nc(-c3cccc(O)c3)nc21,P42336,PIK3CA,kd,=,4.3,nm,NA,NA,8.05909,0.32708,no,0.66102
Cc1ccc(F)cc1Nc1ncnc2c1cnn2-c1cccc(Cl)c1,Q9BUB5,MKNK1,inhibition,=,0,%,1000,nM,6.27007,0.60873,no,0.61905
Nc1ncnc2c1c(-c1ccc(Oc3ccccc3)cc1)nn2C1CCCN(C(=O)C(O)CO)C1,P00533,EGFR,kd,=,170,nm,NA,NA,6.89425,0.36329,no,0.74286
Nc1ncnc2c1c(-c1ccc(Oc3ccccc3)cc1)nn2C1CCCN(C(=O)C(O)CO)C1,Q06187,BTK,kd,=,1.9,nm,NA,NA,7.55624,0.33127,no,0.74286
Nc1ncnc2c1c(-c1ccc(Oc3ccccc3)cc1)nn2C1CCCN(C(=O)C(O)CO)C1,P04626,ERBB2,kd,=,46,nm,NA,NA,6.79532,0.40228,no,0.74286
Nc1ncnc2c1c(-c1ccc(Oc3ccccc3)cc1)nn2C1CCCN(C(=O)C(O)CO)C1,P43405,SYK,kd,>,10000,nm,NA,NA,6.36411,0.41208,no,0.74286
N#Cc1cc(-c2ccnc(Nc3ccc(N4CCOCC4)cc3)n2)ccc1OC1CCOCC1,Q04771,ACVR1,kd,=,1000,nm,NA,NA,6.67167,0.61861,yes,0.63492
N#Cc1cc(-c2ccnc(Nc3ccc(N4CCOCC4)cc3)n2)ccc1OC1CCOCC1,O60674,JAK2,kd,=,10,nm,NA,NA,6.82486,0.42788,no,0.63492
COCCOc1ccc2c(c1)ncn2-c1ccc2cccc(N3CCC(N)CC3)c2n1,P36888,FLT3,kd,=,0.22,nm,NA,NA,7.17842,0.532,no,0.73529
Cc1cc(-c2nc(C(=O)Nc3cc4oc(N5CCOCC5)nc4nc3N3CCC(O)C3)co2)ccn1,Q06187,BTK,inhibition,=,1,%,1000,nM,6.80629,0.48815,no,1
CC(=O)Nc1cc(Oc2ccc3c(c2)CCN3C(=O)Nc2ccc(CN3CCN(C)CC3)c(C(F)(F)F)c2)ncn1,O60674,JAK2,inhibition,=,90.9,%,1000,nM,6.07026,0.56138,yes,0.7284
CC(=O)Nc1cc(Oc2ccc3c(c2)CCN3C(=O)Nc2ccc(CN3CCN(C)CC3)c(C(F)(F)F)c2)ncn1,P43405,SYK,inhibition,=,94.8,%,1000,nM,6.89594,0.48808,no,0.7284
CC(=O)Nc1cc(Oc2ccc3c(c2)CCN3C(=O)Nc2ccc(CN3CCN(C)CC3)c(C(F)(F)F)c2)ncn1,Q04771,ACVR1,inhibition,=,0,%,1000,nM,6.57791,0.68848,yes,0.7284
CC(=O)Nc1cc(Oc2ccc3c(c2)CCN3C(=O)Nc2ccc(CN3CCN(C)CC3)c(C(F)(F)F)c2)ncn1,Q06187,BTK,inhibition,=,11,%,1000,nM,6.85833,0.49649,no,0.7284
CC(=O)Nc1cc(Oc2ccc3c(c2)CCN3C(=O)Nc2ccc(CN3CCN(C)CC3)c(C(F)(F)F)c2)ncn1,P36888,FLT3,inhibition,=,98.6,%,1000,nM,7.55777,0.45163,no,0.7284
CC(=O)Nc1cc(Oc2ccc3c(c2)CCN3C(=O)Nc2ccc(CN3CCN(C)CC3)c(C(F)(F)F)c2)ncn1,Q9NWZ3,IRAK4,inhibition,=,0,%,1000,nM,6.40531,0.59485,no,0.7284
NC(=O)C1CCN(c2ncnc(N)c2F)CC1N1CCCC(Nc2cc(Cl)cc(C(F)(F)F)c2)C1=O,Q9NWZ3,IRAK4,inhibition,=,52,%,1000,nM,6.58248,0.65905,no,1
CN1CCC(Nc2nc(Nc3ccc(Oc4ccccc4)cc3)c3c(=O)[nH]cc(Br)c3n2)CC1,Q06187,BTK,inhibition,=,43,%,1000,nM,6.95374,0.50666,no,0.41975
CN1CCC(Nc2nc(Nc3ccc(Oc4ccccc4)cc3)c3c(=O)[nH]cc(Br)c3n2)CC1,P43405,SYK,inhibition,=,0,%,1000,nM,6.8327,0.50298,no,0.41975
CN1CCC(Nc2nc(Nc3ccc(Oc4ccccc4)cc3)c3c(=O)[nH]cc(Br)c3n2)CC1,O60674,JAK2,inhibition,=,93.5,%,1000,nM,6.37092,0.57339,no,0.41975
CN1CCC(Nc2nc(Nc3ccc(Oc4ccccc4)cc3)c3c(=O)[nH]cc(Br)c3n2)CC1,Q9NWZ3,IRAK4,inhibition,=,85,%,1000,nM,6.4671,0.58316,no,0.41975
CN1CCC(Nc2nc(Nc3ccc(Oc4ccccc4)cc3)c3c(=O)[nH]cc(Br)c3n2)CC1,P36888,FLT3,inhibition,=,100,%,1000,nM,6.84027,0.50269,no,0.41975
CN1CCC(Nc2nc(Nc3ccc(Oc4ccccc4)cc3)c3c(=O)[nH]cc(Br)c3n2)CC1,Q04771,ACVR1,inhibition,=,95.8,%,1000,nM,7.23769,0.68423,no,0.41975
CC(Nc1cc(-c2cnn(C)c2)cc(Nc2cnccn2)n1)c1ccc(F)cc1,Q06187,BTK,inhibition,=,90.3,%,1000,nM,6.29286,0.52978,no,0.44
CC(Nc1cc(-c2cnn(C)c2)cc(Nc2cnccn2)n1)c1ccc(F)cc1,P36888,FLT3,inhibition,=,99.3,%,1000,nM,6.5965,0.51978,no,0.44
CC(Nc1cc(-c2cnn(C)c2)cc(Nc2cnccn2)n1)c1ccc(F)cc1,P51617,IRAK1,inhibition,=,65,%,1000,nM,6.31787,0.66357,no,0.44
CC(Nc1cc(-c2cnn(C)c2)cc(Nc2cnccn2)n1)c1ccc(F)cc1,Q9NWZ3,IRAK4,inhibition,=,34,%,1000,nM,6.77596,0.58859,no,0.44
CC(Nc1cc(-c2cnn(C)c2)cc(Nc2cnccn2)n1)c1ccc(F)cc1,O60674,JAK2,inhibition,=,100,%,1000,nM,7.61331,0.54138,no,0.44
CC(Nc1cc(-c2cnn(C)c2)cc(Nc2cnccn2)n1)c1ccc(F)cc1,P43405,SYK,inhibition,=,89,%,1000,nM,6.61792,0.5106,no,0.44
CC(Nc1cc(-c2cnn(C)c2)cc(Nc2cnccn2)n1)c1ccc(F)cc1,Q04771,ACVR1,inhibition,=,99.3,%,1000,nM,7.19404,0.68368,no,0.44
N#CCC1CCN(c2nc(Nc3ccc(N4CCC(O)CC4)cc3)c3c(=O)[nH]ncc3n2)CC1,O60674,JAK2,inhibition,=,99.95,%,1000,nM,7.31132,0.58319,no,0.38554
N#CCC1CCN(c2nc(Nc3ccc(N4CCC(O)CC4)cc3)c3c(=O)[nH]ncc3n2)CC1,Q04771,ACVR1,inhibition,=,99.8,%,1000,nM,6.76495,0.7234,no,0.38554
N#CCC1CCN(c2nc(Nc3ccc(N4CCC(O)CC4)cc3)c3c(=O)[nH]ncc3n2)CC1,Q06187,BTK,inhibition,=,98.6,%,1000,nM,6.64602,0.55664,no,0.38554
N#CCC1CCN(c2nc(Nc3ccc(N4CCC(O)CC4)cc3)c3c(=O)[nH]ncc3n2)CC1,P36888,FLT3,inhibition,=,99.45,%,1000,nM,7.56883,0.56273,no,0.38554
N#CCC1CCN(c2nc(Nc3ccc(N4CCC(O)CC4)cc3)c3c(=O)[nH]ncc3n2)CC1,Q9NWZ3,IRAK4,inhibition,=,93.7,%,1000,nM,6.16932,0.6322,no,0.38554
N#CCC1CCN(c2nc(Nc3ccc(N4CCC(O)CC4)cc3)c3c(=O)[nH]ncc3n2)CC1,P43405,SYK,inhibition,=,98.4,%,1000,nM,7.29587,0.53615,no,0.38554
COc1ccc(F)cc1C(=O)NCc1ccc(-c2nn(C(C)C(F)(F)F)c(N)c2C(N)=O)cc1,Q06187,BTK,inhibition,=,99.95,%,1000,nM,6.20744,0.51205,no,0.3956
COc1cc(Nc2nccc(Nc3cccnc3-c3ccccn3)n2)ccc1N1CCN(C)CC1,O60674,JAK2,inhibition,=,95.8,%,1000,nM,6.70438,0.50577,no,0.52632
COc1cc(Nc2nccc(Nc3cccnc3-c3ccccn3)n2)ccc1N1CCN(C)CC1,P36888,FLT3,inhibition,=,99.9,%,1000,nM,7.00223,0.45064,no,0.52632
COc1cc(Nc2nccc(Nc3cccnc3-c3ccccn3)n2)ccc1N1CCN(C)CC1,Q06187,BTK,inhibition,=,97.3,%,1000,nM,6.80942,0.45134,no,0.52632
COc1cc(Nc2nccc(Nc3cccnc3-c3ccccn3)n2)ccc1N1CCN(C)CC1,Q04771,ACVR1,inhibition,=,100,%,1000,nM,7.48428,0.62495,no,0.52632
COc1cc(Nc2nccc(Nc3cccnc3-c3ccccn3)n2)ccc1N1CCN(C)CC1,P43405,SYK,inhibition,=,32,%,1000,nM,7.44394,0.43308,no,0.52632
Cc1cc(C)c(C(=O)N2CCCC(C(=O)c3ccc(Oc4ccccc4)cc3)C2)c(=O)[nH]1,Q06187,BTK,inhibition,=,0,%,1000,nM,6.04528,0.53906,no,0.36471
CCn1c(C2CCN(C(=O)c3cc4ncc(CCO)cn4n3)CC2)n[nH]c1=O,Q06187,BTK,inhibition,=,0,%,1000,nM,6.72019,0.61355,no,0.28125
Cn1nc(C(C)(C)C)cc1NC(=O)Cn1cc(-c2ncnc3[nH]cnc23)cn1,Q06187,BTK,inhibition,=,9,%,1000,nM,6.85001,0.54745,no,0.475
CSc1ccccc1C(=O)NCc1c(C)ncc2c1CCN(C(=O)c1ccccc1-n1cccn1)C2,Q06187,BTK,inhibition,=,16,%,1000,nM,6.42848,0.58525,no,0.31579
O=C(Nc1cnn(-c2ccc(C(=O)N3CCCC(OCc4ccccn4)C3)cc2)c1)c1ccoc1,Q06187,BTK,inhibition,=,0,%,1000,nM,6.48686,0.56201,no,0.37895
Cc1ncc2c(c1CNC(=O)CSc1ccccc1)CCN(C(=O)c1cc(C(C)C)n[nH]1)C2,Q06187,BTK,inhibition,=,21,%,1000,nM,6.09928,0.57941,no,0.34118
Cc1ncc2c(c1CNC(=O)Cn1ccnc1)CCN(C(=O)C1(c3ccc(Cl)cc3)CCC1)C2,Q06187,BTK,inhibition,=,19,%,1000,nM,6.10664,0.60232,yes,0.31868
Cc1ncc2c(c1CNC(=O)Cc1ccsc1)CCN(C(=O)C1(N3CCOCC3)CCCCC1)C2,Q06187,BTK,inhibition,=,11,%,1000,nM,6.3897,0.60276,no,0.33673
COc1cccc(CNc2ncnc3sc(C(=O)NCc4cccc(F)c4F)c(C)c23)c1OC,Q06187,BTK,inhibition,=,8,%,1000,nM,6.20506,0.54314,yes,0.42308
Cc1ncc2c(c1CNC(=O)c1ccccc1F)CCN(C(=O)c1ccccc1-n1cccn1)C2,Q06187,BTK,inhibition,=,0,%,1000,nM,6.19258,0.55601,yes,0.37975
CCOc1nc2cc(C(=O)NCCC3CN(c4ncnc5[nH]ncc45)c4ccccc43)ccc2[nH]1,Q06187,BTK,inhibition,=,5,%,1000,nM,6.75381,0.55052,no,0.38636
O=C(NCCC1CN(c2ncnc3[nH]ncc23)c2ccccc21)C1CCn2ccnc2C1,Q06187,BTK,inhibition,=,8,%,1000,nM,7.38563,0.59137,no,0.40964
CCn1ncc2c(Nc3ncc(C(=O)Nc4c(C)cccc4Cl)s3)ncnc21,Q06187,BTK,inhibition,=,88,%,1000,nM,6.26147,0.50407,yes,0.62903
Cc1cccc(Cl)c1NC(=O)c1cnc(Nc2ncnc3c2CN(C)CC3)s1,Q06187,BTK,inhibition,=,18,%,1000,nM,6.62911,0.50055,no,0.57576
Cc1cccn2cc(-c3cccc(NC(=O)NCCC4CN(c5ncnc6[nH]ncc56)c5ccccc54)c3)nc12,Q06187,BTK,inhibition,=,33,%,1000,nM,7.32287,0.54678,no,0.39604
Cc1cccc2c(C(=O)N3CCOCC3)cc(-c3cn[nH]c3)nc12,P43405,SYK,inhibition,=,14,%,1000,nM,6.07899,0.4957,no,0.47458
Cc1cccc2c(C(=O)N3CCOCC3)cc(-c3cn[nH]c3)nc12,Q04771,ACVR1,inhibition,=,13,%,1000,nM,6.99457,0.65926,no,0.47458
Cc1cccc2c(C(=O)N3CCOCC3)cc(-c3cn[nH]c3)nc12,O60674,JAK2,inhibition,=,20,%,1000,nM,6.68895,0.54286,no,0.47458
Cc1cccc2c(C(=O)N3CCOCC3)cc(-c3cn[nH]c3)nc12,Q9NWZ3,IRAK4,inhibition,=,0,%,1000,nM,6.76427,0.56902,no,0.47458
Cc1cnc(C)c(-c2cccc3c2OC(CNC(=O)c2ccc4nc(C)[nH]c4c2)C3)n1,Q9NWZ3,IRAK4,inhibition,=,3,%,1000,nM,6.03336,0.62271,yes,0.34247
Cc1cnc(C)c(-c2cccc3c2OC(CNC(=O)c2ccc4nc(C)[nH]c4c2)C3)n1,Q04771,ACVR1,inhibition,=,18,%,1000,nM,6.93017,0.70394,no,0.34247
CCNC(=O)c1ccnc(NC2CCCN(c3nc4ccccc4s3)C2)c1,Q04771,ACVR1,inhibition,=,15,%,1000,nM,6.28136,0.67626,yes,0.3875
CCNC(=O)c1ccnc(NC2CCCN(c3nc4ccccc4s3)C2)c1,P51617,IRAK1,inhibition,=,0,%,1000,nM,6.22032,0.64302,yes,0.3875
CCNC(=O)c1ccnc(NC2CCCN(c3nc4ccccc4s3)C2)c1,Q9NWZ3,IRAK4,inhibition,=,2,%,1000,nM,6.29101,0.56878,no,0.3875
Cc1nc(N2CCCC2)ncc1-c1cc(=O)[nH]c(Nc2nc3ccccc3s2)n1,Q04771,ACVR1,inhibition,=,17,%,1000,nM,6.91198,0.70564,no,0.42188
COCCNc1nc2c(c(NCCc3cn[nH]c3)n1)CCNCC2,P43405,SYK,inhibition,=,6,%,1000,nM,6.18444,0.62686,no,0.3038
OCCNc1nc(NCC23CCCN2CCC3)cc(C2CCOC2)n1,P43405,SYK,inhibition,=,5,%,1000,nM,6.50064,0.62877,no,0.32558
OCCNc1nc(NCC23CCCN2CCC3)cc(C2CCOC2)n1,O60674,JAK2,inhibition,=,9,%,1000,nM,6.10611,0.69152,yes,0.32558
OCCNc1nc(NCC23CCCN2CCC3)cc(C2CCOC2)n1,P36888,FLT3,inhibition,=,14,%,1000,nM,6.23192,0.64526,no,0.32558
O=C(CNc1cc(C2CCOC2)nc(NCCO)n1)N1CCCC1,O60674,JAK2,inhibition,=,8,%,1000,nM,6.19772,0.65576,yes,0.32558
O=C(CNc1cc(C2CCOC2)nc(NCCO)n1)N1CCCC1,P43405,SYK,inhibition,=,0,%,1000,nM,6.23594,0.59777,no,0.32558
O=C(CNc1cc(C2CCOC2)nc(NCCO)n1)N1CCCC1,P36888,FLT3,inhibition,=,18,%,1000,nM,6.26152,0.61581,no,0.32558
O=C(CNc1cc(C2CCOC2)nc(NCCO)n1)N1CCCC1,Q06187,BTK,inhibition,=,13,%,1000,nM,6.01095,0.60763,yes,0.32558
CCCCOc1ccc(C(=O)Nc2ccc(Nc3nc(C)cc(Nc4ccc(C)cc4)n3)cc2)cc1,Q04771,ACVR1,inhibition,=,0,%,1000,nM,6.45633,0.64333,yes,0.57143
CCCCOc1ccc(C(=O)Nc2ccc(Nc3nc(C)cc(Nc4ccc(C)cc4)n3)cc2)cc1,P36888,FLT3,inhibition,=,7,%,1000,nM,6.59838,0.46702,no,0.57143
Cc1ccc(Nc2cc(C)nc(Nc3ccc(NC(=O)Nc4cc(C)ccc4C)cc3)n2)cc1,Q04771,ACVR1,inhibition,=,0,%,1000,nM,7.1013,0.69485,yes,0.5
Cc1ccc(Nc2cc(C)nc(Nc3ccc(NC(=O)Nc4cc(C)ccc4C)cc3)n2)cc1,P36888,FLT3,inhibition,=,20,%,1000,nM,7.02374,0.49412,no,0.5
COc1ccc(Nc2cc(C)nc(Nc3ccc(NS(=O)(=O)c4ccc(Br)cc4)cc3)n2)cc1,P36888,FLT3,inhibition,=,1,%,1000,nM,6.06717,0.5198,no,0.47143
COc1ccc(Nc2cc(C)nc(Nc3ccc(NS(=O)(=O)c4ccc(Br)cc4)cc3)n2)cc1,Q04771,ACVR1,inhibition,=,0,%,1000,nM,7.1239,0.69225,no,0.47143
COc1ccc(Nc2nc(NCc3ccccc3)nc3c2C(=O)CC(C)(C)C3)cc1,Q04771,ACVR1,inhibition,=,0,%,1000,nM,6.15319,0.67877,yes,0.41333
NC(=O)c1cnc(NCCc2ccc(O)c(Cl)c2)nc1NCc1ccccc1,P36888,FLT3,inhibition,=,99,%,1000,nM,6.46421,0.509,no,0.48387
NC(=O)c1cnc(NCCc2ccc(O)c(Cl)c2)nc1NCc1ccccc1,Q04771,ACVR1,inhibition,=,86,%,1000,nM,6.95131,0.69286,no,0.48387
NC(=O)c1cnc(NCCc2ccc(O)c(Cl)c2)nc1NCc1ccccc1,P43405,SYK,inhibition,=,62,%,1000,nM,6.90015,0.47002,no,0.48387
NC(=O)c1cnc(NCCc2ccc(O)c(Cl)c2)nc1NCc1ccccc1,O60674,JAK2,inhibition,=,100,%,1000,nM,6.6779,0.55262,no,0.48387
NC(=O)c1cnc(NCCc2ccc(O)c(Cl)c2)nc1NCc1ccccc1,Q9NWZ3,IRAK4,inhibition,=,55,%,1000,nM,6.04093,0.56057,no,0.48387
CC(=O)Nc1cc(Oc2ccc3c(nc(Nc4ccc(F)cc4F)n3C)c2C)ccn1,Q06187,BTK,inhibition,=,14,%,1000,nM,7.04985,0.51066,no,0.54667
CC(=O)Nc1cc(Oc2ccc3c(nc(Nc4ccc(F)cc4F)n3C)c2C)ccn1,Q04771,ACVR1,inhibition,=,0,%,1000,nM,7.39879,0.66222,no,0.54667
CC(=O)Nc1cc(Oc2ccc3c(nc(Nc4ccc(F)cc4F)n3C)c2C)ccn1,P36888,FLT3,inhibition,=,41,%,1000,nM,6.63428,0.49543,no,0.54667
CC(=O)Nc1cc(Oc2ccc3c(nc(Nc4ccc(F)cc4F)n3C)c2C)ccn1,Q9NWZ3,IRAK4,inhibition,=,3,%,1000,nM,6.34473,0.59502,no,0.54667
CC(=O)Nc1cc(Oc2ccc3c(nc(Nc4ccc(F)cc4F)n3C)c2C)ccn1,O60674,JAK2,inhibition,=,98.1,%,1000,nM,6.03616,0.59028,yes,0.54667
NCCCNc1ccc(Nc2nccc(Nc3cc(C4CC4)[nH]n3)n2)cc1,Q06187,BTK,inhibition,=,15,%,1000,nM,6.17502,0.49404,yes,0.67308
NCCCNc1ccc(Nc2nccc(Nc3cc(C4CC4)[nH]n3)n2)cc1,O60674,JAK2,inhibition,=,88,%,1000,nM,7.21198,0.54841,no,0.67308
NCCCNc1ccc(Nc2nccc(Nc3cc(C4CC4)[nH]n3)n2)cc1,P43405,SYK,inhibition,=,10,%,1000,nM,7.22314,0.45158,no,0.67308
NCCCNc1ccc(Nc2nccc(Nc3cc(C4CC4)[nH]n3)n2)cc1,Q04771,ACVR1,inhibition,=,70,%,1000,nM,6.93404,0.68023,yes,0.67308
NCCCNc1ccc(Nc2nccc(Nc3cc(C4CC4)[nH]n3)n2)cc1,P36888,FLT3,inhibition,=,87,%,1000,nM,7.52599,0.44591,no,0.67308
C=CCOc1ccc(-c2nc(C(=O)Nc3cccc(C)c3)cs2)cc1OC,P36888,FLT3,kd,>,10000,nm,NA,NA,6.42791,0.49127,no,0.55385
c1cncc(-c2cnn3cc(-c4ccncc4)cnc23)c1,P36888,FLT3,kd,=,160,nm,NA,NA,6.69036,0.43274,no,0.8
COc1ccc(-c2cnn3cc(C#N)cnc23)cc1,P36888,FLT3,kd,=,110,nm,NA,NA,7.01224,0.4681,no,0.63043
COc1ccc(-c2cnn3cc(-c4cccc(Cl)c4)cnc23)cc1,P36888,FLT3,kd,=,28,nm,NA,NA,6.279,0.40336,no,0.73913
O=C(O)c1ccccc1Nc1ccnc(Nc2cccc(O)c2)n1,Q9NWZ3,IRAK4,inhibition,=,75,%,1000,nM,5.25742,0.47512,NA,1
CC(=O)N1CCN(C(=O)Cc2ccc(Nc3ncc(F)c(Nc4ccc(C(=O)Nc5ccccc5Cl)cc4)n3)cc2)CC1,Q9NWZ3,IRAK4,inhibition,=,22,%,1000,nM,5.1442,0.50374,NA,1
Fc1cnc(Nc2ccccc2)nc1Nc1ccccc1,Q9NWZ3,IRAK4,inhibition,=,49,%,1000,nM,4.83254,0.52411,NA,0.75676
c1ccc2c(-c3cnn4cc(-c5ccc(N6CCNCC6)cc5)cnc34)ccnc2c1,Q9NWZ3,IRAK4,inhibition,=,0,%,1000,nM,5.25293,0.55735,NA,1
c1ccc2c(-c3cnn4cc(-c5ccc(N6CCNCC6)cc5)cnc34)ccnc2c1,Q06187,BTK,inhibition,=,7,%,1000,nM,5.29763,0.50691,NA,1
CS(=O)(=O)c1cccc(CNc2nc(Nc3ccc4c(c3)CCC(=O)N4)ncc2C(F)(F)F)c1,Q9NWZ3,IRAK4,inhibition,=,69,%,1000,nM,5.49655,0.54766,NA,1
Cc1cc(Nc2cc(CN3CCOCC3)c3nc(C)c(Cc4ccc(Cl)cc4F)n3n2)n[nH]1,Q9NWZ3,IRAK4,inhibition,=,25,%,1000,nM,4.68651,0.60367,NA,0.46835
CCNc1nc(Nc2cc(F)c(C(=O)N3CCOCC3)cc2OC)ncc1C(F)(F)F,P36888,FLT3,inhibition,=,31,%,1000,nM,5.23611,0.47733,NA,1
CCC(Nc1ncnc2[nH]cnc12)c1nc2cccc(F)c2c(=O)n1-c1ccccc1,P51617,IRAK1,inhibition,=,0,%,1000,nM,5.06016,0.72151,NA,1
c1cc(-c2cnn3cc(-c4ccc(N5CCNCC5)cc4)cnc23)c2cccnc2c1,Q9NWZ3,IRAK4,inhibition,=,6,%,1000,nM,5.04936,0.56125,NA,1
c1cc(-c2cnn3cc(-c4ccc(N5CCNCC5)cc4)cnc23)c2cccnc2c1,P51617,IRAK1,inhibition,=,48,%,1000,nM,5.39646,0.65808,NA,1
c1cc(-c2cnn3cc(-c4ccc(N5CCNCC5)cc4)cnc23)c2cccnc2c1,P36888,FLT3,inhibition,=,87,%,1000,nM,5.45206,0.4387,NA,1
c1cc(-c2cnn3cc(-c4ccc(N5CCNCC5)cc4)cnc23)c2cccnc2c1,Q06187,BTK,inhibition,=,0,%,1000,nM,5.07072,0.51095,NA,1
COc1cc(N2CCOCC2)ccc1Nc1ncc(F)c(Nc2ccccc2NS(C)(=O)=O)n1,Q9NWZ3,IRAK4,inhibition,=,92.8,%,1000,nM,5.21659,0.48558,NA,1
COc1cc(-c2cc(-c3ccc(N4CCNCC4)cc3)cnc2C)cc(OC)c1OC,Q9NWZ3,IRAK4,inhibition,=,7,%,1000,nM,4.67439,0.54665,NA,1
COc1cc(-c2cc(-c3ccc(N4CCNCC4)cc3)cnc2C)cc(OC)c1OC,P51617,IRAK1,inhibition,=,23,%,1000,nM,4.91351,0.63536,NA,1
COc1cc(-c2cc(-c3ccc(N4CCNCC4)cc3)cnc2C)cc(OC)c1OC,Q06187,BTK,inhibition,=,0,%,1000,nM,4.9383,0.48635,NA,1
CCCS(=O)(=O)NC1CC(N(C)c2ncnc3[nH]ccc23)C1,Q9NWZ3,IRAK4,inhibition,=,4,%,1000,nM,5.35351,0.51209,NA,1
CCCS(=O)(=O)NC1CC(N(C)c2ncnc3[nH]ccc23)C1,P51617,IRAK1,inhibition,=,44,%,1000,nM,4.73339,0.58533,NA,1
CCCS(=O)(=O)NC1CC(N(C)c2ncnc3[nH]ccc23)C1,Q06187,BTK,inhibition,=,0,%,1000,nM,5.41511,0.41572,NA,1
CCc1ccc2ncc(C#N)c(N3CCC(C(=O)Nc4ccc(OC)c(Cl)c4)CC3)c2c1,Q12866,MERTK,inhibition,=,7,%,1000,nM,5.16048,0.52281,NA,0.41414
CC(=O)Nc1cc(Oc2ccc3c(c2)CCN3C(=O)Nc2ccc(CN3CCN(C)CC3)c(C(F)(F)F)c2)ncn1,P51617,IRAK1,inhibition,=,14,%,1000,nM,5.12045,0.66409,NA,0.7284
COc1cccc(CNc2ncnc3sc(C(=O)NC4CCCC4)c(C)c23)c1OC,Q06187,BTK,inhibition,=,9,%,1000,nM,5.22257,0.51941,NA,0.44
COCCN(C)C(=O)c1sc2ncnc(NCc3cccc(OC)c3OC)c2c1C,Q06187,BTK,inhibition,=,6,%,1000,nM,5.0181,0.5576,NA,0.42857
Cc1cnc(C)c(-c2cccc3c2OC(CNC(=O)c2ccc4nc(C)[nH]c4c2)C3)n1,P51617,IRAK1,inhibition,=,9,%,1000,nM,5.2616,0.68822,NA,0.34247
Cc1cnc(C)c(-c2cccc3c2OC(CNC(=O)c2ccc4nc(C)[nH]c4c2)C3)n1,Q06187,BTK,inhibition,=,6,%,1000,nM,5.39065,0.57034,NA,0.34247
CCNC(=O)c1ccnc(NC2CCCN(c3nc4ccccc4s3)C2)c1,Q06187,BTK,inhibition,=,5,%,1000,nM,5.30153,0.51811,NA,0.3875
CCNC(=O)c1ccnc(NC2CCCN(c3nc4ccccc4s3)C2)c1,P36888,FLT3,inhibition,=,0,%,1000,nM,4.9259,0.5239,NA,0.3875
CCNC(=O)c1ccnc(NC2CCCN(c3nc4ccccc4s3)C2)c1,P43405,SYK,inhibition,=,7,%,1000,nM,5.47395,0.51625,NA,0.3875
Cc1nc(N2CCCC2)ncc1-c1cc(=O)[nH]c(Nc2nc3ccccc3s2)n1,P51617,IRAK1,inhibition,=,16,%,1000,nM,5.3211,0.68982,NA,0.42188
Cc1nc(N2CCCC2)ncc1-c1cc(=O)[nH]c(Nc2nc3ccccc3s2)n1,Q06187,BTK,inhibition,=,8,%,1000,nM,5.03273,0.57402,NA,0.42188
COCCNc1nc2c(c(NCCc3cn[nH]c3)n1)CCNCC2,Q06187,BTK,inhibition,=,8,%,1000,nM,5.34081,0.64619,NA,0.3038
COCCNc1nc2c(c(NCCc3cn[nH]c3)n1)CCNCC2,P51617,IRAK1,inhibition,=,0,%,1000,nM,5.25606,0.76291,NA,0.3038
COCCNc1nc2c(c(NCCc3cn[nH]c3)n1)CCNCC2,Q9NWZ3,IRAK4,inhibition,=,2,%,1000,nM,4.90931,0.70672,NA,0.3038
O=C(CNc1cc(C2CCOC2)nc(NCCO)n1)N1CCCC1,Q9NWZ3,IRAK4,inhibition,=,7,%,1000,nM,5.41662,0.67032,NA,0.32558
O=C(CNc1cc(C2CCOC2)nc(NCCO)n1)N1CCCC1,P51617,IRAK1,inhibition,=,5,%,1000,nM,5.41804,0.72942,NA,0.32558
CCCCOc1ccc(C(=O)Nc2ccc(Nc3nc(C)cc(Nc4ccc(C)cc4)n3)cc2)cc1,P51617,IRAK1,inhibition,=,0,%,1000,nM,5.29287,0.60613,NA,0.57143
CCCCOc1ccc(C(=O)Nc2ccc(Nc3nc(C)cc(Nc4ccc(C)cc4)n3)cc2)cc1,Q06187,BTK,inhibition,=,8,%,1000,nM,4.77771,0.47282,NA,0.57143
Cc1ccc(Nc2cc(C)nc(Nc3ccc(NC(=O)Nc4cc(C)ccc4C)cc3)n2)cc1,P43405,SYK,inhibition,=,5,%,1000,nM,5.30252,0.49294,NA,0.5
Cc1ccc(Nc2cc(C)nc(Nc3ccc(NC(=O)Nc4cc(C)ccc4C)cc3)n2)cc1,P51617,IRAK1,inhibition,=,5,%,1000,nM,5.17521,0.66214,NA,0.5
Cc1ccc(Nc2cc(C)nc(Nc3ccc(NC(=O)Nc4cc(C)ccc4C)cc3)n2)cc1,Q06187,BTK,inhibition,=,4,%,1000,nM,5.22268,0.5182,NA,0.5
COc1ccc(Nc2cc(C)nc(Nc3ccc(NS(=O)(=O)c4ccc(Br)cc4)cc3)n2)cc1,Q9NWZ3,IRAK4,inhibition,=,15,%,1000,nM,4.95976,0.5946,NA,0.47143
COc1ccc(Nc2cc(C)nc(Nc3ccc(NS(=O)(=O)c4ccc(Br)cc4)cc3)n2)cc1,P51617,IRAK1,inhibition,=,0,%,1000,nM,4.33515,0.67351,NA,0.47143
COc1ccc(Nc2nc(NCc3ccccc3)nc3c2C(=O)CC(C)(C)C3)cc1,Q9NWZ3,IRAK4,inhibition,=,15,%,1000,nM,4.46146,0.58332,NA,0.41333
COc1ccc(Nc2nc(NCc3ccccc3)nc3c2C(=O)CC(C)(C)C3)cc1,P43405,SYK,inhibition,=,3,%,1000,nM,5.4635,0.51135,NA,0.41333
COc1ccc(Nc2nc(NCc3ccccc3)nc3c2C(=O)CC(C)(C)C3)cc1,Q06187,BTK,inhibition,=,8,%,1000,nM,5.13431,0.52361,NA,0.41333
COc1ccc(Nc2nc(NCc3ccccc3)nc3c2C(=O)CC(C)(C)C3)cc1,P51617,IRAK1,inhibition,=,0,%,1000,nM,4.02483,0.6589,NA,0.41333
COc1ccc(Nc2nc(NCc3ccccc3)nc3c2C(=O)CC(C)(C)C3)cc1,O60674,JAK2,inhibition,=,24,%,1000,nM,5.16977,0.58014,NA,0.41333
CC(=O)Nc1cc(Oc2ccc3c(nc(Nc4ccc(F)cc4F)n3C)c2C)ccn1,P51617,IRAK1,inhibition,=,40,%,1000,nM,5.20547,0.66922,NA,0.54667
NCCCNc1ccc(Nc2nccc(Nc3cc(C4CC4)[nH]n3)n2)cc1,P51617,IRAK1,inhibition,=,79,%,1000,nM,5.4824,0.64197,NA,0.67308
